{"cameraMode":{"drawMode":0,"name":"Shaded","section":"Shading Mode"},"sceneLighting":true,"audioPlay":false,"sceneViewState":{"m_AlwaysRefresh":false,"showFog":true,"showSkybox":true,"showFlares":true,"showImageEffects":true,"showParticleSystems":true,"showVisualEffectGraphs":true,"m_FxEnabled":true},"in2DMode":false,"pivot":{"x":0.28024014830589297,"y":0.656400203704834,"z":0.2759329676628113},"rotation":{"x":-0.0006715728086419404,"y":0.9993312358856201,"z":0.02248886041343212,"w":0.029385147616267206},"size":2.598825216293335,"orthographic":true}